Timestamp,User Count,Type,Name,Requests/s,Failures/s,50%,66%,75%,80%,90%,95%,98%,99%,99.9%,99.99%,100%,Total Request Count,Total Failure Count,Total Median Response Time,Total Average Response Time,Total Min Response Time,Total Max Response Time,Total Average Content Size
1743917031,0,,Aggregated,0.000000,0.000000,N/A,N/A,N/A,N/A,N/A,N/A,N/A,N/A,N/A,N/A,N/A,0,0,0,0.0,0,0,0
1743917032,2,,Aggregated,0.000000,0.000000,N/A,N/A,N/A,N/A,N/A,N/A,N/A,N/A,N/A,N/A,N/A,0,0,0,0.0,0,0,0
1743917033,3,,Aggregated,0.000000,0.000000,N/A,N/A,N/A,N/A,N/A,N/A,N/A,N/A,N/A,N/A,N/A,0,0,0,0.0,0,0,0
1743917034,4,,Aggregated,0.000000,0.000000,N/A,N/A,N/A,N/A,N/A,N/A,N/A,N/A,N/A,N/A,N/A,0,0,0,0.0,0,0,0
1743917035,5,,Aggregated,0.000000,0.000000,N/A,N/A,N/A,N/A,N/A,N/A,N/A,N/A,N/A,N/A,N/A,0,0,0,0.0,0,0,0
1743917036,6,,Aggregated,0.000000,0.000000,4100,4100,4100,4100,4100,4100,4100,4100,4100,4100,4100,1,1,4076.9154999998136,4076.9154999998136,4076.9154999998136,4076.9154999998136,0.0
1743917037,7,,Aggregated,0.000000,0.000000,4100,4100,4100,4100,4100,4100,4100,4100,4100,4100,4100,2,2,4076.9154999998136,4074.9464499995156,4072.9773999992176,4076.9154999998136,0.0
1743917038,8,,Aggregated,0.000000,0.000000,4100,4100,4100,4100,4100,4100,4100,4100,4100,4100,4100,3,3,4097.020999999586,4082.3046333328725,4072.9773999992176,4097.020999999586,0.0
1743917039,9,,Aggregated,0.200000,0.200000,4100,4100,4100,4100,4100,4100,4100,4100,4100,4100,4100,4,4,4097.020999999586,4075.7257249997565,4055.989000000409,4097.020999999586,0.0
1743917040,10,,Aggregated,0.333333,0.333333,4100,4100,4100,4100,4100,4100,4100,4100,4100,4100,4100,5,5,4097.020999999586,4072.7787199997692,4055.989000000409,4097.020999999586,0.0
1743917041,11,,Aggregated,0.428571,0.428571,4100,4100,4100,4100,4100,4100,4100,4100,4100,4100,4100,6,6,4097.020999999586,4072.0679999997933,4055.989000000409,4097.020999999586,0.0
1743917042,12,,Aggregated,0.500000,0.500000,4100,4100,4100,4100,4100,4100,4100,4100,4100,4100,4100,7,7,4097.020999999586,4070.2058571426146,4055.989000000409,4097.020999999586,0.0
1743917043,13,,Aggregated,0.555556,0.555556,4100,4100,4100,4100,4100,4100,4100,4100,4100,4100,4100,9,9,4097.020999999586,4067.934366666426,4054.263300000457,4097.020999999586,0.0
1743917044,14,,Aggregated,0.700000,0.700000,4100,4100,4100,4100,4100,4100,4100,4100,4100,4100,4100,13,13,4097.020999999586,4066.128384615205,4047.4090999996406,4097.020999999586,0.0
1743917045,15,,Aggregated,0.700000,0.700000,4100,4100,4100,4100,4100,4100,4100,4100,4100,4100,4100,16,16,4097.020999999586,4065.2668999998696,4042.142899999817,4097.020999999586,0.0
1743917046,16,,Aggregated,0.900000,0.900000,4100,4100,4100,4100,4100,4100,4100,4100,4100,4100,4100,17,17,4097.020999999586,4065.5832294116194,4042.142899999817,4097.020999999586,0.0
1743917047,17,,Aggregated,1.600000,1.600000,4100,4100,4100,4100,4100,4100,4100,4100,4100,4100,4100,19,19,4097.020999999586,4065.6187263157335,4042.142899999817,4097.020999999586,0.0
1743917048,18,,Aggregated,1.600000,1.600000,4100,4100,4100,4100,4100,4100,4100,4100,4100,4100,4100,20,20,4097.020999999586,4065.6473949999054,4042.142899999817,4097.020999999586,0.0
1743917049,19,,Aggregated,1.600000,1.600000,4100,4100,4100,4100,4100,4100,4100,4100,4100,4100,4100,21,21,4097.020999999586,4065.046519047558,4042.142899999817,4097.020999999586,0.0
1743917050,20,,Aggregated,1.600000,1.600000,4100,4100,4100,4100,4100,4100,4100,4100,4100,4100,4100,22,22,4097.020999999586,4065.6487590908496,4042.142899999817,4097.020999999586,0.0
1743917051,21,,Aggregated,1.700000,1.700000,4100,4100,4100,4100,4100,4100,4100,4100,4100,4100,4100,26,26,4097.020999999586,4069.3009076921953,4042.142899999817,4097.020999999586,0.0
1743917052,22,,Aggregated,1.700000,1.700000,4100,4100,4100,4100,4100,4100,4100,4100,4100,4100,4100,29,29,4097.020999999586,4069.9446068964758,4042.142899999817,4097.020999999586,0.0
1743917053,23,,Aggregated,1.900000,1.900000,4100,4100,4100,4100,4100,4100,4100,4100,4100,4100,4100,34,34,4097.020999999586,4069.1061941176004,4042.142899999817,4097.020999999586,0.0
1743917054,24,,Aggregated,1.900000,1.900000,4100,4100,4100,4100,4100,4100,4100,4100,4100,4100,4100,38,38,4097.020999999586,4067.8180289473125,4042.142899999817,4097.020999999586,0.0
1743917055,25,,Aggregated,2.100000,2.100000,4100,4100,4100,4100,4100,4100,4100,4100,4100,4100,4100,39,39,4097.020999999586,4067.6820051281425,4042.142899999817,4097.020999999586,0.0
1743917056,26,,Aggregated,2.200000,2.200000,4100,4100,4100,4100,4100,4100,4100,4100,4100,4100,4100,42,42,4097.020999999586,4067.9095357142296,4042.142899999817,4097.020999999586,0.0
1743917057,27,,Aggregated,2.300000,2.300000,4100,4100,4100,4100,4100,4100,4100,4100,4100,4100,4100,45,45,4097.020999999586,4068.716399999942,4042.142899999817,4097.020999999586,0.0
1743917058,28,,Aggregated,2.300000,2.300000,4100,4100,4100,4100,4100,4100,4100,4100,4100,4100,4100,46,46,4097.020999999586,4068.976569565165,4042.142899999817,4097.020999999586,0.0
1743917059,29,,Aggregated,2.600000,2.600000,4100,4100,4100,4100,4100,4100,4100,4100,4100,4100,4100,54,54,4097.020999999586,4070.305303703679,4042.142899999817,4097.020999999586,0.0
1743917060,30,,Aggregated,2.600000,2.600000,4100,4100,4100,4100,4100,4100,4100,4100,4100,4100,4100,59,59,4100.0,4071.171281355942,4042.142899999817,4103.409400000601,0.0
1743917061,31,,Aggregated,2.600000,2.600000,4100,4100,4100,4100,4100,4100,4100,4100,4100,4100,4100,62,62,4100.0,4070.0119677419398,4038.2976999990206,4103.409400000601,0.0
1743917062,32,,Aggregated,3.600000,3.600000,4100,4100,4100,4100,4100,4100,4100,4100,4100,4100,4100,66,66,4100.0,4069.981657575749,4038.2976999990206,4103.409400000601,0.0
1743917063,33,,Aggregated,3.700000,3.700000,4100,4100,4100,4100,4100,4100,4100,4100,4100,4100,4100,70,70,4100.0,4069.9014999999863,4038.2976999990206,4103.409400000601,0.0
1743917064,34,,Aggregated,3.600000,3.600000,4100,4100,4100,4100,4100,4100,4100,4100,4100,4100,4100,74,74,4100.0,4069.810720270257,4038.2976999990206,4103.409400000601,0.0
1743917065,35,,Aggregated,3.800000,3.800000,4100,4100,4100,4100,4100,4100,4100,4100,4100,4100,4100,80,80,4100.0,4070.1388937499805,4038.2976999990206,4103.409400000601,0.0
1743917066,36,,Aggregated,3.500000,3.500000,4100,4100,4100,4100,4100,4100,4100,4100,4100,4100,4100,83,83,4100.0,4070.0499132530094,4038.2976999990206,4103.409400000601,0.0
1743917067,37,,Aggregated,3.700000,3.700000,4100,4100,4100,4100,4100,4100,4100,4100,4100,4100,4100,88,88,4100.0,4070.3748920454295,4038.2976999990206,4103.409400000601,0.0
1743917068,38,,Aggregated,4.000000,4.000000,4100,4100,4100,4100,4100,4100,4100,4100,4100,4100,4100,96,96,4100.0,4071.609357291663,4038.2976999990206,4103.409400000601,0.0
1743917069,39,,Aggregated,4.200000,4.200000,4100,4100,4100,4100,4100,4100,4100,4100,4100,4100,4100,100,100,4100.0,4071.9179780000004,4038.2976999990206,4103.409400000601,0.0
1743917070,40,,Aggregated,4.700000,4.700000,4100,4100,4100,4100,4100,4100,4100,4100,4100,4100,4100,106,106,4100.0,4071.7901481132003,4038.2976999990206,4103.409400000601,0.0
1743917071,41,,Aggregated,4.800000,4.800000,4100,4100,4100,4100,4100,4100,4100,4100,4100,4100,4100,112,112,4100.0,4071.862416964303,4038.2976999990206,4103.409400000601,0.0
1743917072,42,,Aggregated,4.600000,4.600000,4100,4100,4100,4100,4100,4100,4100,4100,4100,4100,4100,117,117,4100.0,4071.580684615419,4037.104300001374,4103.409400000601,0.0
1743917073,43,,Aggregated,4.600000,4.600000,4100,4100,4100,4100,4100,4100,4100,4100,4100,4100,4100,120,120,4100.0,4071.328963333371,4037.104300001374,4103.409400000601,0.0
1743917074,44,,Aggregated,5.200000,5.200000,4100,4100,4100,4100,4100,4100,4100,4100,4100,4100,4100,125,125,4100.0,4071.202815200013,4037.104300001374,4103.409400000601,0.0
1743917075,45,,Aggregated,5.100000,5.100000,4100,4100,4100,4100,4100,4100,4100,4100,4100,4100,4100,131,131,4100.0,4071.413385496174,4037.104300001374,4103.409400000601,0.0
1743917076,46,,Aggregated,4.900000,4.900000,4100,4100,4100,4100,4100,4100,4100,4100,4100,4100,4100,140,140,4100.0,4071.2721021428347,4037.104300001374,4103.409400000601,0.0
1743917077,47,,Aggregated,5.400000,5.400000,4100,4100,4100,4100,4100,4100,4100,4100,4100,4100,4100,144,144,4100.0,4071.120908333316,4037.104300001374,4103.409400000601,0.0
1743917078,48,,Aggregated,5.500000,5.500000,4100,4100,4100,4100,4100,4100,4100,4100,4100,4100,4100,146,146,4100.0,4070.9233109588886,4037.104300001374,4103.409400000601,0.0
1743917079,49,,Aggregated,5.700000,5.700000,4100,4100,4100,4100,4100,4100,4100,4100,4100,4100,4100,153,153,4100.0,4070.77873333332,4037.104300001374,4103.409400000601,0.0
1743917080,50,,Aggregated,5.200000,5.200000,4100,4100,4100,4100,4100,4100,4100,4100,4100,4100,4100,163,163,4100.0,4070.687103680966,4037.104300001374,4104.679399999441,0.0
1743917081,51,,Aggregated,5.000000,5.000000,4100,4100,4100,4100,4100,4100,4100,4100,4100,4100,4100,167,167,4100.0,4070.5780994011916,4037.104300001374,4104.679399999441,0.0
1743917082,52,,Aggregated,5.300000,5.300000,4100,4100,4100,4100,4100,4100,4100,4100,4100,4100,4100,175,175,4100.0,4070.3049200000223,4037.104300001374,4104.679399999441,0.0
1743917083,53,,Aggregated,5.600000,5.600000,4100,4100,4100,4100,4100,4100,4100,4100,4100,4100,4100,185,185,4100.0,4069.8365432432493,4037.104300001374,4104.679399999441,0.0
1743917084,54,,Aggregated,5.700000,5.700000,4100,4100,4100,4100,4100,4100,4100,4100,4100,4100,4100,193,193,4100.0,4069.3807388601144,4032.1014000001014,4104.679399999441,0.0
1743917085,55,,Aggregated,6.200000,6.200000,4100,4100,4100,4100,4100,4100,4100,4100,4100,4100,4100,198,198,4100.0,4069.1417742424333,4032.1014000001014,4104.679399999441,0.0
1743917086,56,,Aggregated,6.600000,6.600000,4100,4100,4100,4100,4100,4100,4100,4100,4100,4100,4100,204,204,4100.0,4068.6660803921695,4032.1014000001014,4104.679399999441,0.0
1743917087,57,,Aggregated,6.500000,6.500000,4100,4100,4100,4100,4100,4100,4100,4100,4100,4100,4100,207,207,4100.0,4068.6247318840633,4032.1014000001014,4104.679399999441,0.0
1743917088,58,,Aggregated,6.400000,6.400000,4100,4100,4100,4100,4100,4100,4100,4100,4100,4100,4100,219,219,4100.0,4068.927254794536,4032.1014000001014,4104.679399999441,0.0
1743917089,59,,Aggregated,6.300000,6.300000,4100,4100,4100,4100,4100,4100,4100,4100,4100,4100,4100,229,229,4100.0,4069.039749345006,4032.1014000001014,4104.679399999441,0.0
1743917090,60,,Aggregated,6.800000,6.800000,4100,4100,4100,4100,4100,4100,4100,4100,4100,4100,4100,233,233,4100.0,4068.808166523624,4032.1014000001014,4104.679399999441,0.0
1743917091,61,,Aggregated,7.700000,7.700000,4100,4100,4100,4100,4100,4100,4100,4100,4100,4100,4100,247,247,4100.0,4068.4837356275334,4032.1014000001014,4104.679399999441,0.0
1743917092,62,,Aggregated,7.400000,7.400000,4100,4100,4100,4100,4100,4100,4100,4100,4100,4100,4100,252,252,4100.0,4068.477382142857,4032.1014000001014,4104.679399999441,0.0
1743917093,63,,Aggregated,7.300000,7.300000,4100,4100,4100,4100,4100,4100,4100,4100,4100,4100,4100,258,258,4100.0,4068.1976953488415,4032.1014000001014,4104.679399999441,0.0
1743917094,64,,Aggregated,7.500000,7.500000,4100,4100,4100,4100,4100,4100,4100,4100,4100,4100,4100,268,268,4100.0,4068.231224253724,4032.1014000001014,4104.679399999441,0.0
1743917095,65,,Aggregated,7.500000,7.500000,4100,4100,4100,4100,4100,4100,4100,4100,4100,4100,4100,275,275,4100.0,4067.762649090909,4032.1014000001014,4104.679399999441,0.0
1743917096,66,,Aggregated,7.400000,7.400000,4100,4100,4100,4100,4100,4100,4100,4100,4100,4100,4100,287,287,4100.0,4067.4516205574932,4032.1014000001014,4104.679399999441,0.0
1743917097,67,,Aggregated,7.700000,7.700000,4100,4100,4100,4100,4100,4100,4100,4100,4100,4100,4100,295,295,4100.0,4067.388203728814,4032.1014000001014,4104.679399999441,0.0
1743917098,68,,Aggregated,7.900000,7.900000,4100,4100,4100,4100,4100,4100,4100,4100,4100,4100,4100,309,309,4100.0,4067.2144718446684,4032.1014000001014,4104.679399999441,0.0
1743917099,69,,Aggregated,8.500000,8.500000,4100,4100,4100,4100,4100,4100,4100,4100,4100,4100,4100,314,314,4100.0,4067.1052646496796,4032.1014000001014,4104.679399999441,0.0
1743917100,70,,Aggregated,8.800000,8.800000,4100,4100,4100,4100,4100,4100,4100,4100,4100,4100,4100,325,325,4100.0,4067.1235264615466,4032.1014000001014,4104.679399999441,0.0
1743917101,71,,Aggregated,8.400000,8.400000,4100,4100,4100,4100,4100,4100,4100,4100,4100,4100,4100,328,328,4100.0,4067.1984493902532,4032.1014000001014,4104.679399999441,0.0
1743917102,72,,Aggregated,8.700000,8.700000,4100,4100,4100,4100,4100,4100,4100,4100,4100,4100,4100,341,341,4100.0,4067.4534387096874,4032.1014000001014,4104.679399999441,0.0
1743917103,73,,Aggregated,8.700000,8.700000,4100,4100,4100,4100,4100,4100,4100,4100,4100,4100,4100,350,350,4100.0,4067.3477574285816,4032.1014000001014,4104.679399999441,0.0
1743917104,74,,Aggregated,8.700000,8.700000,4100,4100,4100,4100,4100,4100,4100,4100,4100,4100,4100,360,360,4100.0,4067.4522272222457,4032.1014000001014,4104.679399999441,0.0
1743917105,75,,Aggregated,8.700000,8.700000,4100,4100,4100,4100,4100,4100,4100,4100,4100,4100,4100,373,373,4100.0,4067.6296654155763,4032.1014000001014,4104.679399999441,0.0
1743917106,76,,Aggregated,8.900000,8.900000,4100,4100,4100,4100,4100,4100,4100,4100,4100,4100,4100,381,381,4100.0,4067.520632021026,4032.1014000001014,4104.679399999441,0.0
1743917107,77,,Aggregated,9.100000,9.100000,4100,4100,4100,4100,4100,4100,4100,4100,4100,4100,4100,392,392,4100.0,4067.612189540835,4032.1014000001014,4104.679399999441,0.0
1743917108,78,,Aggregated,9.400000,9.400000,4100,4100,4100,4100,4100,4100,4100,4100,4100,4100,4100,402,402,4100.0,4067.8037654228997,4032.1014000001014,4104.679399999441,0.0
1743917109,79,,Aggregated,9.300000,9.300000,4100,4100,4100,4100,4100,4100,4100,4100,4100,4100,4100,411,411,4100.0,4068.070311922153,4032.1014000001014,4104.679399999441,0.0
1743917110,80,,Aggregated,9.200000,9.200000,4100,4100,4100,4100,4100,4100,4100,4100,4100,4100,4100,420,420,4100.0,4068.1773647619216,4032.1014000001014,4104.679399999441,0.0
1743917111,81,,Aggregated,9.500000,9.500000,4100,4100,4100,4100,4100,4100,4100,4100,4100,4100,4100,431,431,4100.0,4068.239925290033,4032.1014000001014,4104.679399999441,0.0
1743917112,82,,Aggregated,9.700000,9.700000,4100,4100,4100,4100,4100,4100,4100,4100,4100,4100,4100,440,440,4100.0,4068.4140993181877,4032.1014000001014,4104.679399999441,0.0
1743917113,83,,Aggregated,9.600000,9.600000,4100,4100,4100,4100,4100,4100,4100,4100,4100,4100,4100,451,451,4100.0,4068.395888691807,4032.1014000001014,4104.679399999441,0.0
1743917114,84,,Aggregated,10.000000,10.000000,4100,4100,4100,4100,4100,4100,4100,4100,4100,4100,4100,464,464,4100.0,4068.120764224147,4032.1014000001014,4104.679399999441,0.0
1743917115,85,,Aggregated,9.900000,9.900000,4100,4100,4100,4100,4100,4100,4100,4100,4100,4100,4100,473,473,4100.0,4068.1267847780223,4032.1014000001014,4104.679399999441,0.0
1743917116,86,,Aggregated,10.300000,10.300000,4100,4100,4100,4100,4100,4100,4100,4100,4100,4100,4100,486,486,4100.0,4068.0972611111256,4032.1014000001014,4104.679399999441,0.0
1743917117,87,,Aggregated,10.300000,10.300000,4100,4100,4100,4100,4100,4100,4100,4100,4100,4100,4100,498,498,4100.0,4067.9740136546297,4032.1014000001014,4104.679399999441,0.0
1743917118,88,,Aggregated,10.200000,10.200000,4100,4100,4100,4100,4100,4100,4100,4100,4100,4100,4100,508,508,4100.0,4067.936669488191,4032.1014000001014,4104.679399999441,0.0
1743917119,89,,Aggregated,10.200000,10.200000,4100,4100,4100,4100,4100,4100,4100,4100,4100,4100,4100,521,521,4100.0,4068.0163239923245,4032.1014000001014,4104.679399999441,0.0
1743917120,90,,Aggregated,10.600000,10.600000,4100,4100,4100,4100,4100,4100,4100,4100,4100,4100,4100,534,534,4100.0,4067.9373224719134,4032.1014000001014,4104.679399999441,0.0
1743917121,91,,Aggregated,10.600000,10.600000,4100,4100,4100,4100,4100,4100,4100,4100,4100,4100,4100,545,545,4100.0,4067.8292143119347,4032.1014000001014,4104.679399999441,0.0
1743917122,92,,Aggregated,11.000000,11.000000,4100,4100,4100,4100,4100,4100,4100,4100,4100,4100,4100,562,562,4100.0,4067.9036519573074,4032.1014000001014,4104.679399999441,0.0
1743917123,93,,Aggregated,11.300000,11.300000,4100,4100,4100,4100,4100,4100,4100,4100,4100,4100,4100,568,568,4100.0,4067.833899295784,4032.1014000001014,4104.679399999441,0.0
1743917124,94,,Aggregated,11.300000,11.300000,4100,4100,4100,4100,4100,4100,4100,4100,4100,4100,4100,581,581,4100.0,4067.800595180731,4032.1014000001014,4104.679399999441,0.0
1743917125,95,,Aggregated,11.900000,11.900000,4100,4100,4100,4100,4100,4100,4100,4100,4100,4100,4100,591,591,4100.0,4067.830464974622,4032.1014000001014,4104.679399999441,0.0
1743917126,96,,Aggregated,11.600000,11.600000,4100,4100,4100,4100,4100,4100,4100,4100,4100,4100,4100,606,606,4100.0,4067.9040561056113,4032.1014000001014,4104.679399999441,0.0
1743917127,97,,Aggregated,11.800000,11.800000,4100,4100,4100,4100,4100,4100,4100,4100,4100,4100,4100,627,627,4100.0,4067.8526904306277,4032.1014000001014,4104.679399999441,0.0
1743917128,98,,Aggregated,11.800000,11.800000,4100,4100,4100,4100,4100,4100,4100,4100,4100,4100,4100,639,639,4100.0,4067.908533646325,4032.1014000001014,4104.679399999441,0.0
1743917129,99,,Aggregated,12.100000,12.100000,4100,4100,4100,4100,4100,4100,4100,4100,4100,4100,4100,650,650,4100.0,4067.6676992307753,4032.1014000001014,4104.679399999441,0.0
1743917130,100,,Aggregated,12.900000,12.900000,4100,4100,4100,4100,4100,4100,4100,4100,4100,4100,4100,666,666,4100.0,4067.5818777777863,4032.1014000001014,4104.679399999441,0.0
1743917131,100,,Aggregated,12.900000,12.900000,4100,4100,4100,4100,4100,4100,4100,4100,4100,4100,4100,675,675,4100.0,4067.6218176296456,4032.1014000001014,4104.679399999441,0.0
1743917132,100,,Aggregated,12.700000,12.700000,4100,4100,4100,4100,4100,4100,4100,4100,4100,4100,4100,685,685,4100.0,4067.775696934322,4032.1014000001014,4104.679399999441,0.0
1743917133,100,,Aggregated,13.100000,13.100000,4100,4100,4100,4100,4100,4100,4100,4100,4100,4100,4100,701,701,4100.0,4067.6972019971568,4032.1014000001014,4104.679399999441,0.0
1743917134,100,,Aggregated,12.700000,12.700000,4100,4100,4100,4100,4100,4100,4100,4100,4100,4100,4100,721,721,4100.0,4067.8145106796205,4032.1014000001014,4104.679399999441,0.0
1743917135,100,,Aggregated,12.500000,12.500000,4100,4100,4100,4100,4100,4100,4100,4100,4100,4100,4100,734,734,4100.0,4067.6134719346132,4032.1014000001014,4104.679399999441,0.0
1743917136,100,,Aggregated,13.300000,13.300000,4100,4100,4100,4100,4100,4100,4100,4100,4100,4100,4100,745,745,4100.0,4067.4602744966533,4032.1014000001014,4104.679399999441,0.0
1743917137,100,,Aggregated,13.700000,13.700000,4100,4100,4100,4100,4100,4100,4100,4100,4100,4100,4100,756,756,4100.0,4067.410911507945,4032.1014000001014,4104.679399999441,0.0
1743917138,100,,Aggregated,14.000000,14.000000,4100,4100,4100,4100,4100,4100,4100,4100,4100,4100,4100,770,770,4100.0,4067.343734935075,4032.1014000001014,4104.679399999441,0.0
1743917140,100,,Aggregated,13.800000,13.800000,4100,4100,4100,4100,4100,4100,4100,4100,4100,4100,4100,781,781,4100.0,4067.261202304751,4032.1014000001014,4104.679399999441,0.0
1743917141,100,,Aggregated,12.800000,12.800000,4100,4100,4100,4100,4100,4100,4100,4100,4100,4100,4100,802,802,4100.0,4067.2826920199636,4032.1014000001014,4104.679399999441,0.0
1743917142,100,,Aggregated,13.100000,13.100000,4100,4100,4100,4100,4100,4100,4100,4100,4100,4100,4100,812,812,4100.0,4067.235691871931,4032.1014000001014,4104.679399999441,0.0
1743917143,100,,Aggregated,12.900000,12.900000,4100,4100,4100,4100,4100,4100,4100,4100,4100,4100,4100,828,828,4100.0,4067.101064492761,4032.1014000001014,4104.679399999441,0.0
1743917144,100,,Aggregated,13.600000,13.600000,4100,4100,4100,4100,4100,4100,4100,4100,4100,4100,4100,838,838,4100.0,4067.057588186166,4032.1014000001014,4104.679399999441,0.0
1743917145,100,,Aggregated,13.700000,13.700000,4100,4100,4100,4100,4100,4100,4100,4100,4100,4100,4100,848,848,4100.0,4067.0972607311446,4032.1014000001014,4104.679399999441,0.0
1743917146,100,,Aggregated,13.500000,13.500000,4100,4100,4100,4100,4100,4100,4100,4100,4100,4100,4100,862,862,4100.0,4067.0924473317987,4031.1741000004986,4104.679399999441,0.0
1743917147,100,,Aggregated,13.500000,13.500000,4100,4100,4100,4100,4100,4100,4100,4100,4100,4100,4100,876,876,4100.0,4067.0766675799273,4031.1741000004986,4104.679399999441,0.0
1743917148,100,,Aggregated,12.700000,12.700000,4100,4100,4100,4100,4100,4100,4100,4100,4100,4100,4100,890,890,4100.0,4067.257185842716,4031.1741000004986,4104.679399999441,0.0
1743917149,100,,Aggregated,13.100000,13.100000,4100,4100,4100,4100,4100,4100,4100,4100,4100,4100,4100,905,905,4100.0,4067.2897921547137,4031.1741000004986,4104.679399999441,0.0
1743917150,100,,Aggregated,13.100000,13.100000,4100,4100,4100,4100,4100,4100,4100,4100,4100,4100,4100,918,918,4100.0,4067.4133577342204,4031.1741000004986,4104.679399999441,0.0
1743917151,100,,Aggregated,13.200000,13.200000,4100,4100,4100,4100,4100,4100,4100,4100,4100,4100,4100,930,930,4100.0,4067.415693655929,4031.1741000004986,4104.679399999441,0.0
1743917152,100,,Aggregated,13.200000,13.200000,4100,4100,4100,4100,4100,4100,4100,4100,4100,4100,4100,941,941,4100.0,4067.4186259298763,4031.1741000004986,4104.679399999441,0.0
1743917153,100,,Aggregated,12.800000,12.800000,4100,4100,4100,4100,4100,4100,4100,4100,4100,4100,4100,953,953,4100.0,4067.380760125932,4031.1741000004986,4104.679399999441,0.0
1743917154,100,,Aggregated,12.800000,12.800000,4100,4100,4100,4100,4100,4100,4100,4100,4100,4100,4100,967,967,4100.0,4067.3180550155275,4031.1741000004986,4104.679399999441,0.0
1743917155,100,,Aggregated,12.900000,12.900000,4100,4100,4100,4100,4100,4100,4100,4100,4100,4100,4100,985,985,4100.0,4067.164611979711,4028.318599999693,4104.679399999441,0.0
1743917156,100,,Aggregated,12.900000,12.900000,4100,4100,4100,4100,4100,4100,4100,4100,4100,4100,4100,1001,1001,4100.0,4067.092722877139,4028.318599999693,4104.679399999441,0.0
1743917157,100,,Aggregated,13.700000,13.700000,4100,4100,4100,4100,4100,4100,4100,4100,4100,4100,4100,1016,1016,4100.0,4067.008314665368,4028.318599999693,4104.679399999441,0.0
1743917158,100,,Aggregated,13.800000,13.800000,4100,4100,4100,4100,4100,4100,4100,4100,4100,4100,4100,1028,1028,4100.0,4067.0641299611048,4028.318599999693,4104.679399999441,0.0
1743917159,100,,Aggregated,13.800000,13.800000,4100,4100,4100,4100,4100,4100,4100,4100,4100,4100,4100,1038,1038,4100.0,4067.016498169575,4028.318599999693,4104.679399999441,0.0
1743917160,100,,Aggregated,13.900000,13.900000,4100,4100,4100,4100,4100,4100,4100,4100,4100,4100,4100,1049,1049,4100.0,4066.9589973308084,4028.318599999693,4104.679399999441,0.0
1743917161,100,,Aggregated,13.500000,13.500000,4100,4100,4100,4100,4100,4100,4100,4100,4100,4100,4100,1065,1065,4100.0,4066.739396431939,4025.8622000001196,4104.679399999441,0.0
1743917162,100,,Aggregated,12.900000,12.900000,4100,4100,4100,4100,4100,4100,4100,4100,4100,4100,4100,1074,1074,4100.0,4066.6782795158388,4025.8622000001196,4104.679399999441,0.0
1743917163,100,,Aggregated,13.400000,13.400000,4100,4100,4100,4100,4100,4100,4100,4100,4100,4100,4100,1097,1097,4100.0,4066.61309954422,4025.8622000001196,4104.679399999441,0.0
1743917164,100,,Aggregated,13.200000,13.200000,4100,4100,4100,4100,4100,4100,4100,4100,4100,4100,4100,1111,1111,4100.0,4066.551216471658,4025.8622000001196,4104.679399999441,0.0
1743917165,100,,Aggregated,13.900000,13.900000,4100,4100,4100,4100,4100,4100,4100,4100,4100,4100,4100,1121,1121,4100.0,4066.539100089215,4025.8622000001196,4104.679399999441,0.0
1743917166,100,,Aggregated,14.100000,14.100000,4100,4100,4100,4100,4100,4100,4100,4100,4100,4100,4100,1134,1134,4100.0,4066.544524162269,4025.8622000001196,4104.679399999441,0.0
1743917167,100,,Aggregated,13.400000,13.400000,4100,4100,4100,4100,4100,4100,4100,4100,4100,4100,4100,1148,1148,4100.0,4066.493113414649,4025.8622000001196,4104.679399999441,0.0
1743917168,100,,Aggregated,13.100000,13.100000,4100,4100,4100,4100,4100,4100,4100,4100,4100,4100,4100,1163,1163,4100.0,4066.4504396388793,4025.8622000001196,4104.679399999441,0.0
1743917169,100,,Aggregated,13.000000,13.000000,4100,4100,4100,4100,4100,4100,4100,4100,4100,4100,4100,1176,1176,4100.0,4066.4002909864066,4025.8622000001196,4104.679399999441,0.0
1743917170,100,,Aggregated,13.000000,13.000000,4100,4100,4100,4100,4100,4100,4100,4100,4100,4100,4100,1193,1193,4100.0,4066.244504610238,4025.8622000001196,4104.679399999441,0.0
1743917171,100,,Aggregated,13.600000,13.600000,4100,4100,4100,4100,4100,4100,4100,4100,4100,4100,4100,1209,1209,4100.0,4066.252754259729,4025.8622000001196,4104.679399999441,0.0
1743917172,100,,Aggregated,14.200000,14.200000,4100,4100,4100,4100,4100,4100,4100,4100,4100,4100,4100,1222,1222,4100.0,4066.378145662859,4025.8622000001196,4104.679399999441,0.0
1743917173,100,,Aggregated,13.900000,13.900000,4100,4100,4100,4100,4100,4100,4100,4100,4100,4100,4100,1233,1233,4100.0,4066.458485725884,4025.8622000001196,4104.679399999441,0.0
1743917174,100,,Aggregated,14.800000,14.800000,4100,4100,4100,4100,4100,4100,4100,4100,4100,4100,4100,1247,1247,4100.0,4066.4207234964015,4025.8622000001196,4104.679399999441,0.0
1743917175,100,,Aggregated,13.900000,13.900000,4100,4100,4100,4100,4100,4100,4100,4100,4100,4100,4100,1258,1258,4100.0,4066.4345550079606,4025.8622000001196,4104.679399999441,0.0
1743917176,100,,Aggregated,13.400000,13.400000,4100,4100,4100,4100,4100,4100,4100,4100,4100,4100,4100,1273,1273,4100.0,4066.3641967007184,4025.8622000001196,4104.679399999441,0.0
1743917177,100,,Aggregated,13.600000,13.600000,4100,4100,4100,4100,4100,4100,4100,4100,4100,4100,4100,1289,1289,4100.0,4066.4139701318954,4025.8622000001196,4104.679399999441,0.0
1743917178,100,,Aggregated,14.000000,14.000000,4100,4100,4100,4100,4100,4100,4100,4100,4100,4100,4100,1299,1299,4100.0,4066.370471978454,4025.8622000001196,4104.679399999441,0.0
1743917179,100,,Aggregated,13.600000,13.600000,4100,4100,4100,4100,4100,4100,4100,4100,4100,4100,4100,1310,1310,4100.0,4066.3524457252,4025.8622000001196,4104.679399999441,0.0
1743917180,100,,Aggregated,13.900000,13.900000,4100,4100,4100,4100,4100,4100,4100,4100,4100,4100,4100,1328,1328,4100.0,4066.2944768072407,4025.8622000001196,4104.679399999441,0.0
1743917181,100,,Aggregated,13.400000,13.400000,4100,4100,4100,4100,4100,4100,4100,4100,4100,4100,4100,1342,1342,4100.0,4066.3203058867466,4025.8622000001196,4104.679399999441,0.0
1743917182,100,,Aggregated,13.100000,13.100000,4100,4100,4100,4100,4100,4100,4100,4100,4100,4100,4100,1355,1355,4100.0,4066.167069298905,4021.4948000011645,4104.679399999441,0.0
1743917183,100,,Aggregated,13.100000,13.100000,4100,4100,4100,4100,4100,4100,4100,4100,4100,4100,4100,1372,1372,4100.0,4066.1325418367464,4021.4948000011645,4104.679399999441,0.0
1743917184,100,,Aggregated,12.900000,12.900000,4100,4100,4100,4100,4100,4100,4100,4100,4100,4100,4100,1383,1383,4100.0,4066.0611935647257,4021.4948000011645,4104.679399999441,0.0
1743917185,100,,Aggregated,13.500000,13.500000,4100,4100,4100,4100,4100,4100,4100,4100,4100,4100,4100,1393,1393,4100.0,4066.0428452979277,4018.871300000683,4104.679399999441,0.0
1743917186,100,,Aggregated,13.700000,13.700000,4100,4100,4100,4100,4100,4100,4100,4100,4100,4100,4100,1411,1411,4100.0,4066.0190903614543,4018.871300000683,4104.679399999441,0.0
1743917187,100,,Aggregated,13.100000,13.100000,4100,4100,4100,4100,4100,4100,4100,4100,4100,4100,4100,1428,1428,4100.0,4066.0102639355837,4018.871300000683,4104.679399999441,0.0
1743917188,100,,Aggregated,13.300000,13.300000,4100,4100,4100,4100,4100,4100,4100,4100,4100,4100,4100,1438,1438,4100.0,4066.0125031293537,4018.871300000683,4104.679399999441,0.0
1743917189,100,,Aggregated,13.900000,13.900000,4100,4100,4100,4100,4100,4100,4100,4100,4100,4100,4100,1452,1452,4100.0,4065.974240151522,4018.871300000683,4104.679399999441,0.0
1743917190,100,,Aggregated,13.600000,13.600000,4100,4100,4100,4100,4100,4100,4100,4100,4100,4100,4100,1465,1465,4100.0,4065.94678389079,4018.871300000683,4104.679399999441,0.0
1743917191,100,,Aggregated,13.900000,13.900000,4100,4100,4100,4100,4100,4100,4100,4100,4100,4100,4100,1475,1475,4100.0,4065.9504149830564,4018.871300000683,4104.679399999441,0.0
1743917192,100,,Aggregated,14.100000,14.100000,4100,4100,4100,4100,4100,4100,4100,4100,4100,4100,4100,1492,1492,4100.0,4065.8800607238686,4018.871300000683,4104.679399999441,0.0
1743917193,100,,Aggregated,13.700000,13.700000,4100,4100,4100,4100,4100,4100,4100,4100,4100,4100,4100,1506,1506,4100.0,4065.8158685923017,4018.871300000683,4104.775200001313,0.0
1743917194,100,,Aggregated,13.400000,13.400000,4100,4100,4100,4100,4100,4100,4100,4100,4100,4100,4100,1515,1515,4100.0,4065.80745537954,4018.871300000683,4104.775200001313,0.0
1743917195,100,,Aggregated,13.300000,13.300000,4100,4100,4100,4100,4100,4100,4100,4100,4100,4100,4100,1528,1528,4100.0,4065.7375905104695,4018.871300000683,4104.775200001313,0.0
1743917196,100,,Aggregated,13.200000,13.200000,4100,4100,4100,4100,4100,4100,4100,4100,4100,4100,4100,1543,1543,4100.0,4065.685383927409,4018.871300000683,4104.775200001313,0.0
1743917197,100,,Aggregated,13.600000,13.600000,4100,4100,4100,4100,4100,4100,4100,4100,4100,4100,4100,1555,1555,4100.0,4065.625911254015,4018.871300000683,4104.775200001313,0.0
1743917198,100,,Aggregated,13.100000,13.100000,4100,4100,4100,4100,4100,4100,4100,4100,4100,4100,4100,1567,1567,4100.0,4065.6479890874225,4018.871300000683,4104.775200001313,0.0
1743917199,100,,Aggregated,13.200000,13.200000,4100,4100,4100,4100,4100,4100,4100,4100,4100,4100,4100,1580,1580,4100.0,4065.587205379741,4018.871300000683,4104.775200001313,0.0
1743917200,100,,Aggregated,12.600000,12.600000,4100,4100,4100,4100,4100,4100,4100,4100,4100,4100,4100,1593,1593,4100.0,4065.5807328311316,4018.871300000683,4104.775200001313,0.0
1743917201,100,,Aggregated,12.700000,12.700000,4100,4100,4100,4100,4100,4100,4100,4100,4100,4100,4100,1606,1606,4100.0,4065.5620669987493,4018.871300000683,4104.775200001313,0.0
1743917202,100,,Aggregated,12.400000,12.400000,4100,4100,4100,4100,4100,4100,4100,4100,4100,4100,4100,1618,1618,4100.0,4065.521705933245,4018.871300000683,4104.775200001313,0.0
1743917203,100,,Aggregated,13.100000,13.100000,4100,4100,4100,4100,4100,4100,4100,4100,4100,4100,4100,1636,1636,4100.0,4065.48864229828,4018.871300000683,4104.775200001313,0.0
1743917204,100,,Aggregated,12.700000,12.700000,4100,4100,4100,4100,4100,4100,4100,4100,4100,4100,4100,1649,1649,4100.0,4065.4364494845277,4018.871300000683,4104.775200001313,0.0
1743917205,100,,Aggregated,12.800000,12.800000,4100,4100,4100,4100,4100,4100,4100,4100,4100,4100,4100,1661,1661,4100.0,4065.3862501505023,4018.871300000683,4104.775200001313,0.0
1743917206,100,,Aggregated,13.200000,13.200000,4100,4100,4100,4100,4100,4100,4100,4100,4100,4100,4100,1675,1675,4100.0,4065.377159402975,4018.871300000683,4104.775200001313,0.0
1743917207,100,,Aggregated,13.500000,13.500000,4100,4100,4100,4100,4100,4100,4100,4100,4100,4100,4100,1686,1686,4100.0,4065.314660201651,4018.871300000683,4104.775200001313,0.0
